{
    "LF": [
        -125.61927419104234,
        187.14178046181328
    ],
    "CF": [
        -48.85263090669577,
        287.06269620617155
    ],
    "RF": [
        146.37591556345885,
        245.3785139993466
    ]
}