{
    "LF": [
        -139.99629230024277,
        213.92350726090356
    ],
    "CF": [
        -25.765662548163057,
        343.43550549197727
    ],
    "RF": [
        125.78140810784261,
        235.0560844090394
    ]
}