{
    "LF": [
        -136.22108728945733,
        203.6879931868749
    ],
    "CF": [
        -54.451896270268875,
        276.3241138140026
    ],
    "RF": [
        109.14228750008313,
        274.9106662051326
    ]
}