{
    "LF": [
        -135.38579524116446,
        204.30695064387078
    ],
    "CF": [
        -53.899497284205395,
        276.54564221785745
    ],
    "RF": [
        109.28164783813129,
        274.8469687451093
    ]
}