{
    "LF": [
        -135.55310406677762,
        204.05204439645124
    ],
    "CF": [
        -54.43350728219794,
        276.2181774544499
    ],
    "RF": [
        109.08564809029635,
        275.1414904495741
    ]
}