{
    "LF": [
        -134.73102873946786,
        203.7368530435053
    ],
    "CF": [
        -53.85978290852957,
        277.1419799122733
    ],
    "RF": [
        109.35273595052475,
        274.7947885637944
    ]
}