{
    "LF": [
        -110.98292623602873,
        302.9002390506307
    ],
    "CF": [
        14.18904751897492,
        336.8213538197425
    ],
    "RF": [
        121.75305496260427,
        247.00491480100771
    ]
}